epoch,time,train/box_loss,train/pose_loss,train/kobj_loss,train/cls_loss,train/dfl_loss,metrics/precision(B),metrics/recall(B),metrics/mAP50(B),metrics/mAP50-95(B),metrics/precision(P),metrics/recall(P),metrics/mAP50(P),metrics/mAP50-95(P),val/box_loss,val/pose_loss,val/kobj_loss,val/cls_loss,val/dfl_loss,lr/pg0,lr/pg1,lr/pg2
1,20.5307,4.63597,7.44008,0.65781,5.77834,2.55531,0,0,0,0,0,0,0,0,3.11178,4.9466,0.63459,5.00031,1.3489,0.0856,0.0016,0.0016
2,39.5445,2.21795,3.5916,0.56184,4.97981,1.17753,0,0,0,0,0,0,0,0,2.04655,3.33394,0.50331,inf,1.08332,0.0702891,0.00328911,0.00328911
3,56.5142,1.87773,2.14965,0.45634,4.508,1.04187,0,0,0,0,0,0,0,0,1.65317,2.33638,0.40637,inf,0.92347,0.054967,0.004967,0.004967
4,70.7276,1.8607,1.56839,0.3841,3.65236,1.04996,0.04221,0.04219,0.02819,0.01404,0.04527,0.04428,0.02972,0.02417,1.89264,1.3476,0.33496,inf,0.97236,0.0396337,0.00663367,0.00663367
5,82.976,1.80445,1.33732,0.32288,2.58967,1.05129,0.05897,0.85547,0.19228,0.09854,0.05965,0.86341,0.19663,0.15482,1.81141,1.02384,0.27841,2.72232,0.9865,0.0242891,0.00828912,0.00828912
6,94.8345,1.75957,1.14785,0.28204,2.081,1.05445,0.2043,0.62823,0.34499,0.16155,0.20778,0.64515,0.35524,0.25115,1.95235,1.07161,0.2154,2.22697,1.01932,0.009835,0.009835,0.009835
7,104.046,1.68163,1.02404,0.25125,1.7183,1.02172,0.17886,0.58156,0.20613,0.10557,0.17814,0.57947,0.20619,0.1534,1.60277,0.95713,0.1767,2.75263,0.96863,0.009802,0.009802,0.009802
8,112.937,1.5786,0.92673,0.23014,1.55373,1.00173,0.43023,0.74362,0.54966,0.33013,0.42973,0.74446,0.54997,0.45013,1.38111,0.72032,0.14381,1.85857,0.89078,0.009769,0.009769,0.009769
9,122.682,1.51611,0.81129,0.20319,1.39503,0.98298,0.41071,0.80739,0.52416,0.31011,0.41004,0.80539,0.52252,0.36196,1.39247,0.89976,0.11312,1.80365,0.90144,0.009736,0.009736,0.009736
10,134.544,1.42364,0.74867,0.18944,1.29568,0.96726,0.56468,0.84875,0.78992,0.46012,0.56136,0.84499,0.78418,0.58326,1.44977,0.80996,0.09543,1.41979,0.89487,0.009703,0.009703,0.009703
11,146.841,1.4265,0.72823,0.17435,1.20534,0.96361,0.53991,0.87871,0.788,0.49852,0.5398,0.87912,0.7901,0.64619,1.31694,0.65975,0.08258,1.28159,0.86898,0.00967,0.00967,0.00967
12,158.66,1.38089,0.65194,0.1636,1.14509,0.95161,0.67564,0.89119,0.83775,0.53103,0.67563,0.88982,0.83876,0.77676,1.19409,0.39575,0.07986,1.19861,0.85821,0.009637,0.009637,0.009637
13,167.738,1.34258,0.62821,0.16761,1.07545,0.94243,0.73769,0.88411,0.8988,0.57226,0.74055,0.88786,0.90534,0.81327,1.27163,0.42728,0.07132,0.90737,0.87385,0.009604,0.009604,0.009604
14,175.816,1.31544,0.6122,0.15251,1.05506,0.93144,0.72618,0.83181,0.85578,0.47919,0.72986,0.83584,0.86213,0.69953,1.50951,0.687,0.06215,1.15344,0.91725,0.009571,0.009571,0.009571
15,187.031,1.3105,0.56617,0.14592,1.00479,0.93026,0.84395,0.90622,0.94319,0.61867,0.84454,0.90745,0.9446,0.84911,1.24695,0.4325,0.0563,0.82614,0.86366,0.009538,0.009538,0.009538
16,195.833,1.28663,0.58723,0.14151,0.96953,0.9322,0.83192,0.91645,0.93667,0.59428,0.83593,0.9153,0.93798,0.84976,1.22721,0.3913,0.0561,0.93276,0.8617,0.009505,0.009505,0.009505
17,207.942,1.28133,0.57768,0.13963,0.9959,0.92493,0.85098,0.89748,0.94127,0.61611,0.85152,0.89628,0.94082,0.84049,1.19547,0.48876,0.05256,0.85649,0.859,0.009472,0.009472,0.009472
18,218.538,1.2923,0.56853,0.13544,0.89922,0.9255,0.85906,0.90843,0.93062,0.60219,0.85804,0.90777,0.92824,0.81936,1.19584,0.44891,0.05017,0.77325,0.85846,0.009439,0.009439,0.009439
19,229.162,1.25687,0.53668,0.12856,0.92552,0.91823,0.81817,0.83778,0.88761,0.56894,0.81896,0.83667,0.88886,0.82274,1.3258,0.43047,0.04498,0.89436,0.87171,0.009406,0.009406,0.009406
20,242.184,1.24977,0.55421,0.12227,0.87581,0.92071,0.79456,0.8176,0.8575,0.52921,0.7994,0.82178,0.86421,0.76976,1.4456,0.47651,0.04233,1.02044,0.8926,0.009373,0.009373,0.009373
21,255.059,1.21337,0.48704,0.1066,0.8758,0.91544,0.54932,0.79265,0.65574,0.41145,0.55136,0.79767,0.65993,0.60321,1.39064,0.41682,0.0399,1.37159,0.88187,0.00934,0.00934,0.00934
22,265.62,1.21299,0.5117,0.10784,0.8476,0.91149,0.89709,0.92883,0.95954,0.66567,0.89599,0.92757,0.95917,0.91742,1.05727,0.26227,0.04035,0.68456,0.83834,0.009307,0.009307,0.009307
23,274.643,1.20305,0.52142,0.10392,0.82327,0.91141,0.91614,0.9436,0.9673,0.67626,0.91444,0.94172,0.96466,0.90852,1.11042,0.34036,0.03752,0.76672,0.84015,0.009274,0.009274,0.009274
24,284.658,1.17872,0.46487,0.09645,0.85496,0.9126,0.65039,0.85565,0.72273,0.47229,0.64937,0.85398,0.72116,0.67925,1.21119,0.29649,0.03403,1.08287,0.85736,0.009241,0.009241,0.009241
25,295.072,1.18184,0.49642,0.09459,0.80534,0.90823,0.89892,0.9308,0.95953,0.62513,0.90205,0.93325,0.96406,0.90405,1.25612,0.34085,0.03357,0.71971,0.86054,0.009208,0.009208,0.009208
26,308.708,1.18401,0.47107,0.08963,0.80682,0.90224,0.91543,0.93071,0.97065,0.67728,0.91563,0.93156,0.97144,0.93272,1.09732,0.25681,0.02929,0.78252,0.83849,0.009175,0.009175,0.009175
27,321.227,1.15507,0.46438,0.08676,0.78424,0.90097,0.88111,0.88487,0.9372,0.6151,0.8838,0.8862,0.93939,0.88369,1.28467,0.31138,0.02813,0.91821,0.86441,0.009142,0.009142,0.009142
28,331.341,1.18646,0.46833,0.08941,0.79427,0.90853,0.94051,0.95014,0.97695,0.69656,0.94196,0.95128,0.97998,0.94924,1.01661,0.21582,0.02648,0.66963,0.83353,0.009109,0.009109,0.009109
29,342.248,1.16783,0.46489,0.08775,0.74819,0.90525,0.93908,0.94931,0.97914,0.68558,0.93839,0.94829,0.97948,0.93759,1.06953,0.26557,0.02788,0.68757,0.83574,0.009076,0.009076,0.009076
30,354.757,1.15734,0.43912,0.08323,0.79789,0.90297,0.93637,0.9531,0.97493,0.66808,0.93387,0.95627,0.97394,0.93766,1.15309,0.26686,0.02603,0.7476,0.84538,0.009043,0.009043,0.009043
31,365.516,1.1787,0.45811,0.07803,0.75294,0.90126,0.94611,0.95262,0.98091,0.70617,0.94932,0.94946,0.98192,0.95134,1.02142,0.21742,0.02348,0.65119,0.83101,0.00901,0.00901,0.00901
32,374.292,1.17056,0.43863,0.08232,0.73011,0.89619,0.91986,0.94068,0.97355,0.67867,0.91928,0.94044,0.9735,0.92819,1.1347,0.30001,0.02374,0.6685,0.84078,0.008977,0.008977,0.008977
33,383.904,1.14052,0.44295,0.07341,0.74336,0.89776,0.95125,0.95113,0.9776,0.69317,0.95144,0.94986,0.97744,0.94696,1.04078,0.22362,0.02221,0.62163,0.83403,0.008944,0.008944,0.008944
34,395.792,1.1542,0.45739,0.07184,0.72955,0.90239,0.9108,0.91203,0.95699,0.66165,0.91293,0.9127,0.95801,0.91582,1.11427,0.28333,0.02096,0.64721,0.8385,0.008911,0.008911,0.008911
35,408.499,1.14847,0.43651,0.07044,0.72745,0.89579,0.95128,0.94722,0.97932,0.69101,0.94993,0.94672,0.97895,0.9472,1.05098,0.23072,0.02055,0.61308,0.83437,0.008878,0.008878,0.008878
36,419.434,1.11875,0.41836,0.06761,0.76782,0.88862,0.83847,0.88168,0.91335,0.64915,0.83878,0.88143,0.91219,0.88424,1.07264,0.25171,0.02144,0.91139,0.83265,0.008845,0.008845,0.008845
37,430.376,1.13972,0.43456,0.0669,0.71444,0.89514,0.95227,0.96776,0.98254,0.70103,0.95217,0.96668,0.9816,0.94897,1.03513,0.24296,0.0221,0.64877,0.83357,0.008812,0.008812,0.008812
38,439.307,1.13684,0.41731,0.06745,0.71219,0.89135,0.96573,0.96598,0.9844,0.70688,0.96444,0.9637,0.98354,0.95692,1.03224,0.21871,0.02005,0.58912,0.83017,0.008779,0.008779,0.008779
39,448.795,1.13329,0.42223,0.06608,0.69325,0.89598,0.93922,0.95137,0.97844,0.70177,0.93821,0.95086,0.97726,0.94674,1.0233,0.22377,0.02098,0.60047,0.83154,0.008746,0.008746,0.008746
40,458.004,1.13729,0.41706,0.06612,0.69783,0.8904,0.95529,0.96119,0.97982,0.70381,0.95628,0.961,0.982,0.95374,1.0089,0.22206,0.01883,0.56078,0.8294,0.008713,0.008713,0.008713
41,466.245,1.11815,0.42773,0.06305,0.69337,0.88717,0.93779,0.94109,0.97093,0.67719,0.93733,0.94102,0.97059,0.94101,1.1028,0.21241,0.0193,0.61706,0.83856,0.00868,0.00868,0.00868
42,475.034,1.11988,0.4003,0.06302,0.69893,0.88722,0.92176,0.92565,0.96471,0.67975,0.9216,0.9266,0.96659,0.9339,1.11261,0.2386,0.01965,0.6727,0.84444,0.008647,0.008647,0.008647
43,488.828,1.11807,0.42212,0.06103,0.68967,0.88635,0.92561,0.93156,0.96733,0.68976,0.92669,0.93186,0.97007,0.93835,1.02575,0.2184,0.01662,0.6514,0.83286,0.008614,0.008614,0.008614
44,499.511,1.1274,0.41589,0.05877,0.69277,0.88911,0.871,0.8793,0.9304,0.60778,0.87401,0.87954,0.93263,0.88419,1.32131,0.35266,0.01857,0.85357,0.86549,0.008581,0.008581,0.008581
45,510.626,1.11338,0.39491,0.05726,0.67982,0.88823,0.9629,0.96505,0.98318,0.71246,0.9618,0.9651,0.98309,0.95643,0.99391,0.21614,0.016,0.55381,0.82775,0.008548,0.008548,0.008548
46,521.392,1.10501,0.38289,0.05083,0.66936,0.8841,0.92544,0.95313,0.97024,0.69612,0.92416,0.95199,0.97053,0.94239,1.0177,0.21271,0.01488,0.68112,0.83089,0.008515,0.008515,0.008515
47,531.382,1.10631,0.4087,0.05774,0.66959,0.8884,0.95209,0.96445,0.98292,0.69392,0.95105,0.96346,0.98093,0.95395,1.06214,0.2157,0.01644,0.58814,0.83721,0.008482,0.008482,0.008482
48,543.231,1.11414,0.39906,0.05764,0.66971,0.88856,0.94911,0.96626,0.98229,0.71687,0.94931,0.9643,0.98332,0.95914,0.98003,0.19722,0.01603,0.5785,0.8275,0.008449,0.008449,0.008449
49,553.188,1.08964,0.36559,0.05336,0.68463,0.8841,0.90147,0.92598,0.95748,0.69754,0.89856,0.92462,0.95538,0.9343,0.97948,0.18959,0.01435,0.69072,0.82508,0.008416,0.008416,0.008416
50,562.89,1.10119,0.40183,0.05265,0.66477,0.8845,0.96168,0.9605,0.98391,0.71473,0.95961,0.96011,0.98439,0.95819,0.99066,0.21859,0.01436,0.60249,0.82859,0.008383,0.008383,0.008383
51,570.51,1.11974,0.41103,0.05736,0.66328,0.88997,0.90353,0.91949,0.94679,0.69498,0.90445,0.92033,0.94792,0.92578,0.97635,0.18435,0.01449,0.60485,0.8268,0.00835,0.00835,0.00835
52,581.563,1.09393,0.3779,0.05017,0.67495,0.88424,0.94544,0.95331,0.97441,0.70801,0.94194,0.95318,0.97356,0.94989,0.96686,0.18603,0.01251,0.56413,0.82664,0.008317,0.008317,0.008317
53,591.98,1.09938,0.40004,0.05136,0.64401,0.88385,0.95803,0.96149,0.97994,0.71751,0.95721,0.96066,0.98001,0.95749,1.00198,0.21441,0.01362,0.55552,0.82805,0.008284,0.008284,0.008284
54,602.688,1.1049,0.38915,0.05338,0.65009,0.88565,0.96471,0.96742,0.98265,0.71472,0.96358,0.96689,0.98135,0.95764,0.96939,0.19212,0.013,0.52533,0.82915,0.008251,0.008251,0.008251
55,614.516,1.09415,0.38253,0.05309,0.64003,0.8844,0.95999,0.96669,0.98348,0.70836,0.96008,0.96669,0.98375,0.96129,1.02976,0.19423,0.01327,0.55848,0.82786,0.008218,0.008218,0.008218
56,624.623,1.07377,0.37657,0.04917,0.62932,0.8793,0.90973,0.96015,0.96851,0.69829,0.91007,0.95902,0.96873,0.94138,1.018,0.20099,0.01365,0.55521,0.82933,0.008185,0.008185,0.008185
57,635.403,1.08715,0.37317,0.04778,0.64396,0.88299,0.96049,0.96014,0.97907,0.70637,0.95889,0.95996,0.97872,0.95433,1.01306,0.18895,0.01181,0.55607,0.82931,0.008152,0.008152,0.008152
58,645.15,1.06878,0.36207,0.04552,0.62963,0.88349,0.95897,0.96926,0.98199,0.71671,0.95807,0.96715,0.98277,0.95784,0.98603,0.19727,0.01227,0.55349,0.82553,0.008119,0.008119,0.008119
59,658.166,1.07751,0.36897,0.04748,0.62964,0.88173,0.96539,0.96887,0.98517,0.72341,0.96384,0.9672,0.98326,0.9589,0.97307,0.19651,0.01192,0.53783,0.82368,0.008086,0.008086,0.008086
60,667.613,1.07362,0.36621,0.04107,0.63281,0.87739,0.96755,0.97028,0.98459,0.72577,0.96677,0.96944,0.98514,0.96441,0.9553,0.17345,0.01161,0.52969,0.82399,0.008053,0.008053,0.008053
61,677.094,1.07848,0.37079,0.04691,0.62969,0.88008,0.96091,0.9633,0.98179,0.72162,0.95906,0.96115,0.98202,0.95949,0.97366,0.18774,0.01122,0.54373,0.82397,0.00802,0.00802,0.00802
62,686.556,1.08947,0.37486,0.04224,0.63286,0.88322,0.95882,0.96085,0.98243,0.71607,0.95888,0.95975,0.98211,0.96074,0.99449,0.18918,0.0098,0.53664,0.82719,0.007987,0.007987,0.007987
63,696.281,1.06075,0.35352,0.0378,0.61621,0.87552,0.97273,0.97275,0.98299,0.71878,0.97228,0.97231,0.9834,0.96208,0.99853,0.18658,0.01064,0.52668,0.82692,0.007954,0.007954,0.007954
64,708.129,1.07165,0.35966,0.04447,0.61129,0.87666,0.96419,0.96868,0.9843,0.72312,0.96344,0.96863,0.98379,0.96117,0.97351,0.18173,0.01053,0.51393,0.82293,0.007921,0.007921,0.007921
65,720.272,1.06921,0.36002,0.03783,0.61469,0.87798,0.95696,0.95413,0.98128,0.71403,0.95667,0.95372,0.98129,0.95805,1.00858,0.18667,0.0105,0.57933,0.83073,0.007888,0.007888,0.007888
66,732.87,1.08087,0.38105,0.04031,0.6137,0.87892,0.97188,0.96472,0.98431,0.72089,0.97195,0.96472,0.9845,0.96115,0.97826,0.19335,0.0102,0.53344,0.82583,0.007855,0.007855,0.007855
67,744.243,1.05703,0.33698,0.03908,0.6086,0.8784,0.96551,0.97189,0.98131,0.72293,0.96476,0.97106,0.98218,0.96088,0.98429,0.18487,0.01019,0.55603,0.82234,0.007822,0.007822,0.007822
68,755.453,1.07777,0.37268,0.0399,0.61006,0.8818,0.96592,0.96686,0.98242,0.72209,0.9642,0.96526,0.98198,0.96056,0.95156,0.17581,0.01014,0.53078,0.82384,0.007789,0.007789,0.007789
69,763.716,1.06481,0.36677,0.03584,0.5986,0.87685,0.96419,0.96285,0.98084,0.71791,0.965,0.96304,0.98165,0.95952,0.98066,0.18105,0.01072,0.56832,0.82564,0.007756,0.007756,0.007756
70,773.182,1.06188,0.34138,0.04092,0.6117,0.87837,0.94967,0.96151,0.98111,0.71937,0.94929,0.9611,0.98063,0.95845,0.94808,0.17634,0.00936,0.50885,0.82329,0.007723,0.007723,0.007723
71,783.256,1.04302,0.36244,0.03648,0.59707,0.87341,0.96057,0.96361,0.98642,0.73069,0.95848,0.96378,0.98595,0.96667,0.95937,0.17813,0.01077,0.50792,0.82505,0.00769,0.00769,0.00769
72,796.306,1.05561,0.35314,0.0368,0.597,0.8785,0.95822,0.96356,0.98259,0.72834,0.96273,0.96055,0.98323,0.96298,0.95545,0.18554,0.00987,0.53856,0.824,0.007657,0.007657,0.007657
73,808.996,1.05897,0.37197,0.03834,0.59992,0.87897,0.9588,0.95796,0.98413,0.73484,0.95884,0.95796,0.98498,0.9666,0.93757,0.16844,0.00864,0.54981,0.82145,0.007624,0.007624,0.007624
74,822.461,1.05058,0.3631,0.03667,0.60359,0.87616,0.94861,0.9498,0.97483,0.71562,0.94695,0.94932,0.97436,0.94932,0.95128,0.1893,0.0079,0.583,0.82555,0.007591,0.007591,0.007591
75,830.896,1.05198,0.35438,0.03456,0.59275,0.8772,0.94375,0.95024,0.97753,0.69737,0.94259,0.94898,0.97837,0.95334,1.07725,0.2018,0.00828,0.57827,0.83503,0.007558,0.007558,0.007558
76,840.576,1.05359,0.36921,0.03515,0.58354,0.87354,0.94094,0.95137,0.97382,0.69178,0.9409,0.95053,0.97345,0.94491,1.08328,0.21654,0.00865,0.55916,0.83486,0.007525,0.007525,0.007525
77,849.052,1.05636,0.35985,0.03435,0.58402,0.87722,0.97074,0.9626,0.98287,0.71959,0.97033,0.96219,0.9846,0.96114,0.97215,0.18187,0.00829,0.52534,0.82922,0.007492,0.007492,0.007492
78,861.193,1.04513,0.34481,0.0327,0.58404,0.8775,0.97277,0.965,0.98549,0.72561,0.97414,0.96307,0.98675,0.96329,0.92719,0.17037,0.00926,0.52934,0.82338,0.007459,0.007459,0.007459
79,871.684,1.04877,0.34152,0.03279,0.57388,0.87241,0.97269,0.96734,0.9863,0.72754,0.97192,0.96651,0.98606,0.96519,0.95949,0.17463,0.00898,0.50289,0.82369,0.007426,0.007426,0.007426
80,879.502,1.04185,0.34071,0.03367,0.57741,0.8727,0.93712,0.94407,0.97585,0.71431,0.93541,0.94259,0.9753,0.95363,0.98174,0.18541,0.00837,0.52339,0.82709,0.007393,0.007393,0.007393
81,892.323,1.03502,0.33535,0.03344,0.56991,0.87244,0.95821,0.97309,0.98564,0.72714,0.95739,0.9723,0.98639,0.96544,0.9408,0.17109,0.00819,0.4948,0.82334,0.00736,0.00736,0.00736
82,903.242,1.03931,0.34377,0.03419,0.57822,0.87159,0.96698,0.96664,0.98084,0.72292,0.96531,0.96441,0.98071,0.95851,0.97117,0.18682,0.00803,0.52306,0.82549,0.007327,0.007327,0.007327
83,914.668,1.04081,0.32695,0.03347,0.57994,0.87356,0.96047,0.96219,0.98209,0.71559,0.95923,0.96093,0.9823,0.96001,1.00897,0.1822,0.00736,0.56741,0.82676,0.007294,0.007294,0.007294
84,926.651,1.04545,0.34943,0.03251,0.57799,0.87271,0.9562,0.96609,0.98031,0.72366,0.95851,0.96279,0.98234,0.96074,0.953,0.17567,0.00661,0.5464,0.82164,0.007261,0.007261,0.007261
85,936.929,1.02027,0.34199,0.03056,0.56755,0.87057,0.96803,0.96539,0.98465,0.72714,0.96624,0.96728,0.98579,0.96459,0.94401,0.17835,0.00791,0.51799,0.82413,0.007228,0.007228,0.007228
86,945.187,1.0383,0.33339,0.03305,0.56979,0.87008,0.96822,0.96584,0.98643,0.73384,0.96818,0.96434,0.98591,0.96392,0.95681,0.17916,0.00773,0.51276,0.8219,0.007195,0.007195,0.007195
87,955.295,1.02621,0.33274,0.03157,0.5708,0.87108,0.97455,0.97759,0.98826,0.73738,0.97295,0.97592,0.98747,0.96922,0.92561,0.16356,0.00725,0.47251,0.82213,0.007162,0.007162,0.007162
88,967.732,1.04309,0.34794,0.03208,0.57068,0.87348,0.96941,0.96459,0.98413,0.73023,0.96881,0.96369,0.98415,0.96474,0.97818,0.17402,0.00689,0.55303,0.82304,0.007129,0.007129,0.007129
89,974.635,1.02934,0.3274,0.03171,0.56433,0.87161,0.96998,0.97047,0.98728,0.72649,0.96957,0.96993,0.98771,0.96582,0.96813,0.17601,0.00678,0.48988,0.82509,0.007096,0.007096,0.007096
90,985.355,1.0436,0.35353,0.0301,0.57133,0.87476,0.93834,0.94822,0.97659,0.71571,0.93828,0.94841,0.9781,0.95492,1.0078,0.1922,0.00777,0.56698,0.82658,0.007063,0.007063,0.007063
91,998.07,1.03491,0.3323,0.03084,0.56323,0.87232,0.94198,0.94276,0.97586,0.70823,0.9438,0.93978,0.97563,0.9533,1.0169,0.19956,0.00648,0.5374,0.82858,0.00703,0.00703,0.00703
92,1009.12,1.0374,0.3353,0.02854,0.55971,0.87335,0.97268,0.97042,0.98548,0.73399,0.97144,0.96917,0.98564,0.96739,0.91536,0.16448,0.00658,0.51834,0.82142,0.006997,0.006997,0.006997
93,1020.26,1.03038,0.3296,0.02835,0.55179,0.87278,0.96915,0.96726,0.98601,0.7387,0.96835,0.96642,0.98688,0.96903,0.92175,0.16528,0.00715,0.48328,0.82314,0.006964,0.006964,0.006964
94,1029.81,1.02139,0.32128,0.02867,0.56167,0.86818,0.97123,0.96684,0.98402,0.73455,0.97003,0.96558,0.98327,0.9653,0.94966,0.16643,0.00649,0.47802,0.82499,0.006931,0.006931,0.006931
95,1039.13,1.02341,0.33719,0.03068,0.55043,0.87054,0.96467,0.96675,0.98469,0.73192,0.96495,0.96519,0.98339,0.96439,0.97421,0.17381,0.0073,0.48391,0.82486,0.006898,0.006898,0.006898
96,1050.43,1.03347,0.33202,0.0295,0.55481,0.87109,0.93528,0.95667,0.97666,0.70465,0.93587,0.95709,0.97746,0.95288,1.03732,0.19477,0.00711,0.52783,0.83243,0.006865,0.006865,0.006865
97,1058.11,1.02313,0.3369,0.02821,0.54992,0.86974,0.95448,0.96209,0.98292,0.7266,0.95452,0.96209,0.98279,0.96156,0.96808,0.17699,0.00626,0.49789,0.82482,0.006832,0.006832,0.006832
98,1068.27,1.02761,0.3248,0.02805,0.55442,0.86894,0.97072,0.96885,0.98332,0.73389,0.97067,0.96814,0.98471,0.96432,0.96729,0.17703,0.00575,0.49993,0.82265,0.006799,0.006799,0.006799
99,1081.17,1.02856,0.33208,0.02819,0.55336,0.86926,0.9723,0.96826,0.9835,0.72454,0.97065,0.96659,0.98269,0.96108,0.96003,0.17135,0.00604,0.54189,0.82317,0.006766,0.006766,0.006766
100,1090.56,1.0245,0.33916,0.0277,0.54316,0.86661,0.97705,0.97434,0.98582,0.72922,0.97583,0.97309,0.98641,0.96419,0.9602,0.16964,0.00581,0.50603,0.82195,0.006733,0.006733,0.006733
101,1100.58,1.01866,0.31685,0.02875,0.54631,0.87174,0.97304,0.96986,0.98602,0.73863,0.9721,0.9713,0.98796,0.96707,0.92275,0.16409,0.00632,0.47355,0.82109,0.0067,0.0067,0.0067
102,1113.27,1.00495,0.31307,0.0277,0.5405,0.8692,0.9748,0.97179,0.98693,0.74491,0.97395,0.97052,0.98783,0.97094,0.92927,0.16931,0.00601,0.48679,0.8214,0.006667,0.006667,0.006667
103,1122.27,1.01479,0.32395,0.02646,0.54644,0.86523,0.97088,0.97325,0.98575,0.73465,0.97139,0.97371,0.98768,0.96746,0.94497,0.17244,0.00553,0.48576,0.82206,0.006634,0.006634,0.006634
104,1134.19,1.01629,0.32326,0.02762,0.539,0.87002,0.98208,0.97584,0.98821,0.73666,0.9816,0.97445,0.98872,0.96877,0.9484,0.16857,0.00536,0.46991,0.82439,0.006601,0.006601,0.006601
105,1145.69,1.01974,0.3309,0.02719,0.53709,0.86694,0.97694,0.96889,0.98742,0.74342,0.97668,0.96994,0.98903,0.97038,0.93255,0.16981,0.00574,0.44784,0.82104,0.006568,0.006568,0.006568
106,1157.32,1.01491,0.33641,0.02793,0.53212,0.86811,0.96695,0.96167,0.98663,0.73374,0.96667,0.96125,0.98747,0.96733,0.95508,0.17192,0.00596,0.50759,0.82202,0.006535,0.006535,0.006535
107,1168.27,1.01763,0.32557,0.02844,0.54103,0.86948,0.96211,0.96393,0.9842,0.7256,0.96139,0.9631,0.98415,0.96335,0.99034,0.17246,0.00543,0.51398,0.82525,0.006502,0.006502,0.006502
108,1178.87,1.0079,0.31093,0.02525,0.53865,0.86464,0.96881,0.96652,0.98695,0.73559,0.9668,0.96443,0.98521,0.96728,0.97784,0.1763,0.00484,0.49892,0.8221,0.006469,0.006469,0.006469
109,1187.48,1.01397,0.33254,0.02612,0.53376,0.86779,0.96563,0.97518,0.98675,0.73284,0.96478,0.97442,0.98704,0.96837,0.96804,0.17508,0.00508,0.47219,0.82369,0.006436,0.006436,0.006436
110,1196.95,1.00419,0.31895,0.02551,0.52724,0.8684,0.97218,0.96311,0.98226,0.73153,0.97,0.96106,0.98126,0.96179,0.96898,0.17283,0.00517,0.51243,0.82211,0.006403,0.006403,0.006403
111,1209.54,1.01527,0.32545,0.02574,0.54145,0.8663,0.95838,0.96121,0.98532,0.73389,0.95859,0.95934,0.98549,0.96476,0.95339,0.17131,0.00532,0.51518,0.82127,0.00637,0.00637,0.00637
112,1220.17,0.99752,0.32929,0.02471,0.52117,0.86438,0.96354,0.96659,0.9835,0.73443,0.96486,0.96461,0.9842,0.96448,0.96719,0.17212,0.00555,0.51583,0.82348,0.006337,0.006337,0.006337
113,1229.45,1.00816,0.31297,0.02704,0.52401,0.86683,0.96484,0.97349,0.98651,0.73586,0.96279,0.97141,0.98544,0.968,0.95071,0.16898,0.00507,0.49537,0.82107,0.006304,0.006304,0.006304
114,1241.35,1.00745,0.33118,0.02501,0.52651,0.86929,0.97065,0.98097,0.98701,0.74055,0.96865,0.97886,0.98727,0.97083,0.94504,0.15926,0.00516,0.45962,0.81965,0.006271,0.006271,0.006271
115,1253.96,1.01524,0.32659,0.02643,0.52869,0.86807,0.97367,0.97304,0.98641,0.73354,0.9727,0.97147,0.98793,0.96717,0.95726,0.16147,0.0045,0.47603,0.82139,0.006238,0.006238,0.006238
116,1263.42,1.01364,0.32797,0.02647,0.53078,0.87153,0.95519,0.95725,0.98134,0.7351,0.95345,0.95713,0.98172,0.96382,0.97286,0.16709,0.0046,0.48532,0.81998,0.006205,0.006205,0.006205
117,1274.3,1.00913,0.31444,0.02451,0.52437,0.86911,0.9673,0.97034,0.98472,0.73544,0.96525,0.96825,0.98382,0.96511,0.96814,0.16912,0.00458,0.4946,0.82187,0.006172,0.006172,0.006172
118,1283.09,1.00741,0.32133,0.02367,0.5264,0.86742,0.95666,0.97124,0.98229,0.73679,0.95552,0.96999,0.98155,0.96299,0.93577,0.16362,0.00488,0.4805,0.82004,0.006139,0.006139,0.006139
119,1293.4,1.01534,0.32181,0.02539,0.53375,0.86606,0.97866,0.97598,0.98922,0.74285,0.97809,0.9748,0.98846,0.96901,0.92709,0.16156,0.0046,0.45491,0.8202,0.006106,0.006106,0.006106
120,1305.2,1.00287,0.32043,0.02347,0.52175,0.86475,0.95002,0.94394,0.98052,0.72844,0.94867,0.94213,0.98023,0.96252,0.9541,0.17506,0.00456,0.52128,0.8205,0.006073,0.006073,0.006073
121,1314.9,0.99727,0.3018,0.02226,0.51281,0.86573,0.96324,0.96215,0.98425,0.73782,0.96194,0.96096,0.98405,0.96643,0.91727,0.15782,0.00528,0.48227,0.81822,0.00604,0.00604,0.00604
122,1327.18,0.98701,0.28968,0.02284,0.5094,0.8626,0.96599,0.9641,0.98491,0.74024,0.96489,0.96038,0.98477,0.96821,0.93316,0.16353,0.0046,0.51203,0.81933,0.006007,0.006007,0.006007
123,1337.42,0.98091,0.29981,0.02447,0.51099,0.86175,0.96715,0.96963,0.98531,0.73431,0.96561,0.96737,0.98508,0.96526,0.93242,0.16371,0.00463,0.48342,0.81988,0.005974,0.005974,0.005974
124,1349.31,0.99605,0.30853,0.024,0.51442,0.86269,0.96179,0.95701,0.98273,0.72665,0.96325,0.95821,0.98507,0.96324,0.98626,0.17935,0.00463,0.52622,0.82405,0.005941,0.005941,0.005941
125,1361.33,0.99035,0.30365,0.02425,0.5148,0.86404,0.95931,0.95893,0.98188,0.73952,0.95857,0.95809,0.98226,0.9655,0.9404,0.16398,0.00408,0.49127,0.81883,0.005908,0.005908,0.005908
126,1373.02,0.99224,0.294,0.02321,0.51097,0.86535,0.97121,0.96742,0.98414,0.72989,0.97078,0.967,0.98504,0.96551,0.9741,0.16435,0.00369,0.50527,0.82385,0.005875,0.005875,0.005875
127,1382.42,0.98373,0.30184,0.02251,0.50222,0.86383,0.98031,0.97906,0.98823,0.7446,0.97936,0.97944,0.9891,0.97054,0.91646,0.16164,0.004,0.44278,0.81759,0.005842,0.005842,0.005842
128,1390.04,1.00239,0.31799,0.02451,0.51573,0.86546,0.97484,0.97654,0.98656,0.73552,0.97304,0.97566,0.98681,0.96856,0.92443,0.16231,0.00399,0.47638,0.82027,0.005809,0.005809,0.005809
129,1402.83,0.98794,0.30291,0.02381,0.50444,0.85989,0.97542,0.97893,0.9888,0.74439,0.97383,0.97726,0.98864,0.97167,0.94836,0.16558,0.00375,0.45066,0.81868,0.005776,0.005776,0.005776
130,1410.62,0.98958,0.3046,0.02285,0.51141,0.86591,0.9823,0.97481,0.9885,0.74389,0.98216,0.97265,0.98996,0.97239,0.94954,0.1613,0.00383,0.44384,0.82096,0.005743,0.005743,0.005743
131,1422.36,0.98733,0.30783,0.02336,0.51107,0.86222,0.98004,0.97914,0.99011,0.74437,0.98017,0.97742,0.99073,0.97446,0.94804,0.1677,0.00369,0.43922,0.82085,0.00571,0.00571,0.00571
132,1433.64,0.99103,0.30794,0.02177,0.50872,0.8627,0.97002,0.96889,0.98512,0.734,0.97063,0.9685,0.98703,0.96737,0.95887,0.16363,0.00386,0.46165,0.82355,0.005677,0.005677,0.005677
133,1446.04,0.9768,0.29461,0.02236,0.50207,0.86215,0.95072,0.96572,0.97701,0.71266,0.96062,0.95518,0.97927,0.95601,1.01451,0.1907,0.00397,0.48908,0.82697,0.005644,0.005644,0.005644
134,1455.26,0.99158,0.29355,0.02291,0.50381,0.86299,0.97766,0.97203,0.98603,0.73563,0.97811,0.97245,0.98854,0.96845,0.95602,0.16635,0.00381,0.46145,0.82162,0.005611,0.005611,0.005611
135,1465.75,0.99374,0.30737,0.02416,0.50643,0.86168,0.97429,0.97495,0.98634,0.73519,0.97434,0.97495,0.98767,0.96694,0.92443,0.15594,0.00359,0.45205,0.81914,0.005578,0.005578,0.005578
136,1474.46,0.97919,0.28489,0.02383,0.4991,0.86149,0.96901,0.97508,0.9846,0.73519,0.96821,0.97425,0.98751,0.96819,0.92963,0.15459,0.00405,0.44079,0.81935,0.005545,0.005545,0.005545
137,1485,0.97827,0.2832,0.02102,0.49973,0.86038,0.97076,0.97532,0.98622,0.73898,0.96944,0.97414,0.98685,0.96936,0.94947,0.15848,0.00339,0.46207,0.81968,0.005512,0.005512,0.005512
138,1494.88,0.98119,0.29811,0.02092,0.49923,0.86118,0.96908,0.95716,0.9852,0.73645,0.9681,0.95635,0.98663,0.96779,0.9541,0.15974,0.00368,0.47192,0.81997,0.005479,0.005479,0.005479
139,1506.76,0.98207,0.28708,0.02072,0.49815,0.86193,0.96221,0.97356,0.98469,0.72991,0.96186,0.97314,0.98595,0.96475,0.96048,0.16382,0.0037,0.4615,0.8221,0.005446,0.005446,0.005446
140,1519.25,0.99093,0.29684,0.02215,0.49864,0.86205,0.96516,0.96331,0.98459,0.73589,0.9652,0.96331,0.98411,0.9655,0.94741,0.16374,0.00349,0.4696,0.82386,0.005413,0.005413,0.005413
141,1529.59,0.96859,0.29705,0.02105,0.49563,0.86087,0.97835,0.97409,0.98827,0.74197,0.97839,0.97259,0.98918,0.96925,0.9235,0.15674,0.00321,0.44889,0.8205,0.00538,0.00538,0.00538
142,1542.28,0.99069,0.30207,0.02156,0.50027,0.86443,0.97421,0.97879,0.98795,0.74354,0.97319,0.97737,0.98876,0.97081,0.935,0.16203,0.00353,0.45052,0.82031,0.005347,0.005347,0.005347
143,1553.48,0.97155,0.28604,0.0214,0.49637,0.85967,0.9707,0.97769,0.98322,0.73434,0.97295,0.97589,0.98527,0.96451,0.95969,0.16478,0.00351,0.46139,0.82053,0.005314,0.005314,0.005314
144,1565.56,0.98349,0.3096,0.02258,0.50165,0.8615,0.97594,0.97165,0.98426,0.73683,0.97687,0.97106,0.98606,0.96831,0.93517,0.15953,0.00311,0.45198,0.82036,0.005281,0.005281,0.005281
145,1574.31,0.97542,0.28905,0.02119,0.49394,0.86185,0.96188,0.97099,0.9869,0.74225,0.96117,0.96987,0.98711,0.96846,0.94638,0.16337,0.00316,0.46338,0.82084,0.005248,0.005248,0.005248
146,1584.76,0.97387,0.2922,0.02068,0.49124,0.8585,0.94749,0.95389,0.97942,0.72486,0.94728,0.95347,0.97976,0.95758,0.96037,0.17253,0.00327,0.50046,0.82371,0.005215,0.005215,0.005215
147,1595.53,0.97188,0.28904,0.02089,0.49069,0.85955,0.9741,0.97669,0.98607,0.73935,0.97638,0.97413,0.98798,0.96893,0.95033,0.16684,0.00316,0.44864,0.82098,0.005182,0.005182,0.005182
148,1609.67,0.98473,0.29451,0.02063,0.4937,0.86008,0.96985,0.97413,0.98715,0.73633,0.96941,0.97387,0.98877,0.96595,0.94811,0.17059,0.00328,0.45378,0.82077,0.005149,0.005149,0.005149
149,1621.04,0.97724,0.28316,0.02032,0.49023,0.85883,0.97652,0.97456,0.98866,0.7438,0.97651,0.97387,0.98982,0.97201,0.92125,0.1551,0.00325,0.44964,0.81802,0.005116,0.005116,0.005116
150,1632.76,0.98202,0.29916,0.02199,0.49622,0.86148,0.98417,0.9773,0.98953,0.74518,0.98093,0.97467,0.98906,0.97144,0.91748,0.15955,0.00344,0.43732,0.81838,0.005083,0.005083,0.005083
151,1642.47,0.98473,0.29088,0.02045,0.49401,0.86003,0.98093,0.98009,0.98989,0.74265,0.98013,0.97926,0.99068,0.97211,0.93133,0.1629,0.00318,0.43993,0.82032,0.00505,0.00505,0.00505
152,1652.27,0.97763,0.29815,0.01959,0.4935,0.86034,0.96491,0.97158,0.98537,0.73761,0.96318,0.97099,0.9848,0.96777,0.94462,0.16488,0.00297,0.45402,0.82095,0.005017,0.005017,0.005017
153,1663.58,0.97255,0.28332,0.01994,0.48987,0.86194,0.97506,0.97584,0.98639,0.74545,0.97498,0.97532,0.98771,0.97039,0.92086,0.15508,0.00302,0.4362,0.81835,0.004984,0.004984,0.004984
154,1674.76,0.96514,0.29824,0.02085,0.48492,0.86124,0.97763,0.97766,0.98735,0.75089,0.97722,0.97724,0.98841,0.97149,0.90643,0.15467,0.00289,0.42828,0.81843,0.004951,0.004951,0.004951
155,1682.8,0.97138,0.28922,0.02003,0.48668,0.8595,0.97681,0.97746,0.98522,0.7482,0.97574,0.97596,0.98491,0.96972,0.90437,0.15355,0.00283,0.443,0.81604,0.004918,0.004918,0.004918
156,1693.59,0.97022,0.28723,0.0218,0.48764,0.8591,0.97819,0.97509,0.98656,0.74697,0.97736,0.97425,0.9869,0.96915,0.91764,0.15719,0.00292,0.46499,0.81738,0.004885,0.004885,0.004885
157,1704.59,0.97852,0.30456,0.02232,0.49409,0.863,0.96383,0.96806,0.98472,0.73676,0.96384,0.96806,0.98555,0.96569,0.94886,0.16756,0.00241,0.47169,0.81994,0.004852,0.004852,0.004852
158,1716.3,0.96994,0.28756,0.0195,0.4878,0.85547,0.96775,0.96959,0.98474,0.7401,0.967,0.96869,0.98524,0.96502,0.9328,0.15818,0.00289,0.45988,0.81876,0.004819,0.004819,0.004819
159,1727.53,0.97125,0.29101,0.01879,0.48961,0.85789,0.97582,0.97411,0.98674,0.74267,0.97765,0.97143,0.9877,0.96893,0.92926,0.15752,0.0025,0.43583,0.81848,0.004786,0.004786,0.004786
160,1737.62,0.97203,0.28399,0.01949,0.49088,0.86014,0.96951,0.96915,0.98544,0.7402,0.96939,0.96857,0.98696,0.9701,0.93296,0.15663,0.00261,0.44731,0.81826,0.004753,0.004753,0.004753
161,1747.83,0.95911,0.26953,0.01902,0.4828,0.85898,0.96946,0.97943,0.98887,0.74478,0.96865,0.9786,0.98905,0.97183,0.92388,0.16025,0.00243,0.43525,0.81816,0.00472,0.00472,0.00472
162,1757.95,0.9639,0.28198,0.01915,0.48037,0.85734,0.978,0.9747,0.98927,0.74052,0.97774,0.97416,0.98997,0.96894,0.93729,0.16943,0.00241,0.43621,0.82068,0.004687,0.004687,0.004687
163,1767.74,0.95609,0.27401,0.01897,0.47624,0.85844,0.97296,0.97697,0.98672,0.74136,0.97179,0.97608,0.98758,0.96818,0.9363,0.1608,0.00254,0.43514,0.81899,0.004654,0.004654,0.004654
164,1774.45,0.96365,0.29405,0.01955,0.48116,0.85677,0.9693,0.97841,0.98559,0.74392,0.96952,0.97769,0.98679,0.96864,0.95066,0.16193,0.00281,0.4422,0.82005,0.004621,0.004621,0.004621
165,1784.35,0.96155,0.27587,0.02075,0.4766,0.85724,0.97468,0.9723,0.98571,0.74091,0.97519,0.97272,0.98862,0.96948,0.95645,0.16572,0.00273,0.44349,0.82067,0.004588,0.004588,0.004588
166,1796.47,0.95142,0.27158,0.02066,0.47208,0.85841,0.96764,0.97068,0.98733,0.74645,0.96814,0.97106,0.98908,0.97078,0.92348,0.1566,0.00239,0.43118,0.81757,0.004555,0.004555,0.004555
167,1807.35,0.96633,0.29635,0.01879,0.48375,0.8604,0.97045,0.96532,0.98563,0.73776,0.96959,0.96454,0.98499,0.96664,0.96607,0.16382,0.00231,0.4564,0.81986,0.004522,0.004522,0.004522
168,1818.82,0.94609,0.26251,0.01826,0.4695,0.85291,0.95367,0.95962,0.97683,0.71776,0.95295,0.95751,0.97708,0.95595,1.02341,0.17665,0.00213,0.48222,0.82719,0.004489,0.004489,0.004489
169,1830.25,0.95687,0.26991,0.01867,0.47556,0.85429,0.95246,0.96566,0.98117,0.72797,0.95087,0.96399,0.98049,0.9601,0.98657,0.16728,0.00217,0.46137,0.82171,0.004456,0.004456,0.004456
170,1840.98,0.95294,0.26438,0.01843,0.46967,0.85603,0.9719,0.97086,0.98492,0.73597,0.97206,0.9693,0.98595,0.96451,0.97239,0.16739,0.00221,0.45321,0.82115,0.004423,0.004423,0.004423
171,1853.53,0.94908,0.27017,0.01772,0.47185,0.85741,0.97431,0.97541,0.98743,0.74255,0.97311,0.97415,0.98833,0.96864,0.93482,0.15917,0.00249,0.43999,0.81871,0.00439,0.00439,0.00439
172,1862.33,0.95068,0.28642,0.01868,0.47399,0.85807,0.97446,0.9793,0.9876,0.74281,0.97283,0.97763,0.98818,0.96957,0.94589,0.16597,0.0024,0.44589,0.82075,0.004357,0.004357,0.004357
173,1869.33,0.96123,0.28097,0.02012,0.47413,0.85856,0.97268,0.97664,0.9884,0.74931,0.97225,0.97553,0.9891,0.97222,0.91785,0.15223,0.00226,0.45196,0.81798,0.004324,0.004324,0.004324
174,1882.48,0.9445,0.27364,0.01859,0.46876,0.85415,0.96773,0.97188,0.98641,0.73925,0.96695,0.97104,0.98644,0.96645,0.93205,0.15691,0.00245,0.44915,0.81863,0.004291,0.004291,0.004291
175,1894.19,0.9446,0.27016,0.0176,0.4663,0.85463,0.97556,0.97529,0.98905,0.73746,0.97306,0.97278,0.98731,0.96838,0.95606,0.16562,0.00219,0.45571,0.81985,0.004258,0.004258,0.004258
176,1904.95,0.94693,0.25772,0.01973,0.46363,0.85683,0.97107,0.97009,0.98599,0.74338,0.97027,0.96926,0.98684,0.96918,0.937,0.15838,0.00206,0.46224,0.81809,0.004225,0.004225,0.004225
177,1915.56,0.95114,0.26341,0.01825,0.46883,0.85662,0.97962,0.98016,0.98622,0.73503,0.97856,0.97914,0.98637,0.96439,0.91179,0.15921,0.00225,0.47752,0.81867,0.004192,0.004192,0.004192
178,1925.78,0.95885,0.2788,0.0192,0.47317,0.85499,0.97907,0.9758,0.98662,0.73471,0.97755,0.97432,0.98625,0.96511,0.92463,0.1647,0.00234,0.46208,0.82056,0.004159,0.004159,0.004159
179,1937.08,0.94601,0.26358,0.01817,0.46867,0.85356,0.9752,0.97735,0.98646,0.7376,0.97521,0.97738,0.98831,0.9652,0.92659,0.15901,0.00226,0.44062,0.81962,0.004126,0.004126,0.004126
180,1947.5,0.94743,0.26897,0.01822,0.46283,0.85318,0.97686,0.97437,0.98535,0.73963,0.97648,0.97395,0.98754,0.96775,0.93138,0.15668,0.00237,0.44648,0.82059,0.004093,0.004093,0.004093
181,1958.65,0.94461,0.26129,0.01745,0.46277,0.85344,0.96583,0.96837,0.98477,0.73917,0.96504,0.96753,0.98524,0.96493,0.90938,0.15703,0.00222,0.43309,0.82078,0.00406,0.00406,0.00406
182,1967.91,0.95235,0.2758,0.01814,0.46739,0.85414,0.97751,0.97403,0.98726,0.74431,0.97587,0.97236,0.98748,0.97035,0.93367,0.16068,0.00188,0.43227,0.81931,0.004027,0.004027,0.004027
183,1980.56,0.93824,0.2631,0.01914,0.46439,0.85197,0.96125,0.96975,0.98471,0.73199,0.96225,0.96633,0.98504,0.96485,0.96069,0.16476,0.002,0.44506,0.82181,0.003994,0.003994,0.003994
184,1992.73,0.9437,0.27459,0.01735,0.46437,0.853,0.97773,0.97451,0.9868,0.73857,0.97726,0.9735,0.98712,0.9683,0.95785,0.16108,0.00211,0.44222,0.82051,0.003961,0.003961,0.003961
185,2000.73,0.95476,0.27715,0.01887,0.46771,0.85709,0.98138,0.97972,0.98781,0.74679,0.98057,0.97889,0.98837,0.96963,0.93845,0.16038,0.00199,0.43325,0.8191,0.003928,0.003928,0.003928
186,2009.24,0.93677,0.26218,0.01693,0.46019,0.85177,0.97723,0.97757,0.98782,0.74745,0.97693,0.97715,0.98886,0.97,0.91205,0.15542,0.00212,0.43788,0.81574,0.003895,0.003895,0.003895
187,2022.02,0.93523,0.26309,0.01789,0.45738,0.85475,0.97816,0.97786,0.98764,0.74382,0.97739,0.97702,0.9889,0.96987,0.94191,0.15725,0.00187,0.45787,0.81849,0.003862,0.003862,0.003862
188,2035.38,0.94167,0.26482,0.01743,0.46137,0.85273,0.97677,0.97664,0.98852,0.74505,0.97475,0.97456,0.9883,0.97157,0.92849,0.15621,0.00181,0.4495,0.81857,0.003829,0.003829,0.003829
189,2047.9,0.93861,0.27443,0.01691,0.46192,0.85071,0.97839,0.97441,0.98942,0.73729,0.97788,0.97291,0.98927,0.97025,0.94413,0.15976,0.00186,0.45859,0.82126,0.003796,0.003796,0.003796
190,2057.89,0.94274,0.26755,0.01695,0.45802,0.85162,0.97718,0.97951,0.99043,0.74093,0.97514,0.97742,0.98877,0.97006,0.94213,0.16704,0.00195,0.45364,0.82273,0.003763,0.003763,0.003763
191,2068.62,0.94242,0.26399,0.01847,0.45807,0.85496,0.97929,0.97777,0.99024,0.74213,0.97915,0.9764,0.98999,0.97142,0.93842,0.16127,0.00168,0.441,0.81987,0.00373,0.00373,0.00373
192,2079.59,0.94707,0.26917,0.01749,0.46353,0.85404,0.9827,0.97324,0.99127,0.74717,0.98098,0.97166,0.98927,0.97356,0.93621,0.15445,0.00173,0.44666,0.8171,0.003697,0.003697,0.003697
193,2091.75,0.93425,0.26579,0.01698,0.45514,0.85277,0.98064,0.97874,0.98948,0.75058,0.97984,0.9779,0.98919,0.97219,0.93343,0.15254,0.0018,0.43158,0.8166,0.003664,0.003664,0.003664
194,2101.4,0.93964,0.263,0.01653,0.45433,0.8537,0.97918,0.97848,0.98809,0.74521,0.97793,0.97726,0.9888,0.96918,0.926,0.15629,0.0018,0.4653,0.81748,0.003631,0.003631,0.003631
195,2108.49,0.93251,0.25503,0.01724,0.45546,0.85251,0.97966,0.98034,0.98872,0.74202,0.97938,0.97987,0.98955,0.96978,0.9519,0.16758,0.00186,0.43848,0.82163,0.003598,0.003598,0.003598
196,2119.22,0.93917,0.25915,0.01651,0.45933,0.85277,0.97459,0.97446,0.98714,0.74532,0.97423,0.97405,0.98787,0.96997,0.95278,0.16466,0.00171,0.45184,0.82149,0.003565,0.003565,0.003565
197,2130.87,0.92387,0.2632,0.01806,0.45131,0.85043,0.97777,0.97303,0.98827,0.74885,0.97972,0.97254,0.98935,0.97137,0.92541,0.15508,0.00166,0.42061,0.81918,0.003532,0.003532,0.003532
198,2142.76,0.9271,0.26547,0.01831,0.45382,0.85404,0.9793,0.97742,0.9896,0.74588,0.97852,0.97659,0.98996,0.97174,0.9295,0.16008,0.00174,0.42702,0.82047,0.003499,0.003499,0.003499
199,2153.2,0.92232,0.25046,0.01747,0.45103,0.85385,0.9658,0.97081,0.98669,0.73345,0.96502,0.96998,0.98672,0.96618,0.97365,0.16744,0.00152,0.46761,0.82123,0.003466,0.003466,0.003466
200,2164.59,0.93387,0.25324,0.01592,0.45086,0.85334,0.96776,0.96866,0.98689,0.73735,0.9688,0.96765,0.98762,0.96693,0.96537,0.16769,0.00139,0.44441,0.82155,0.003433,0.003433,0.003433
201,2178.92,0.93111,0.26722,0.0176,0.45429,0.85275,0.98276,0.97997,0.98962,0.74547,0.98136,0.97729,0.98885,0.9711,0.92102,0.1556,0.00152,0.42107,0.81785,0.0034,0.0034,0.0034
202,2190.76,0.9344,0.26415,0.01708,0.45611,0.85065,0.97926,0.97779,0.99029,0.74773,0.97762,0.97612,0.98941,0.97135,0.92304,0.15425,0.00154,0.43277,0.81615,0.003367,0.003367,0.003367
203,2200.13,0.93028,0.25245,0.01572,0.44869,0.84736,0.98167,0.9748,0.991,0.74711,0.98085,0.97396,0.99058,0.97222,0.92342,0.15448,0.00152,0.43647,0.81901,0.003334,0.003334,0.003334
204,2207.05,0.91996,0.24401,0.01497,0.44652,0.84838,0.98092,0.97653,0.99022,0.74168,0.98078,0.97455,0.98928,0.97131,0.9437,0.16472,0.00155,0.43214,0.81967,0.003301,0.003301,0.003301
205,2220.42,0.92559,0.25245,0.01743,0.44774,0.85069,0.9819,0.98498,0.99121,0.74013,0.97922,0.98186,0.99,0.97111,0.95985,0.16505,0.00157,0.4416,0.82053,0.003268,0.003268,0.003268
206,2232.54,0.93174,0.25336,0.01731,0.45025,0.85163,0.97189,0.97872,0.98853,0.74009,0.97059,0.97755,0.98914,0.97067,0.97135,0.16615,0.00152,0.44919,0.82166,0.003235,0.003235,0.003235
207,2244.91,0.92296,0.24547,0.01619,0.449,0.84934,0.98079,0.97208,0.98933,0.74813,0.97912,0.97041,0.99039,0.97246,0.9494,0.15753,0.0014,0.44839,0.81752,0.003202,0.003202,0.003202
208,2254.84,0.93,0.2654,0.01667,0.44711,0.85096,0.98053,0.97975,0.99017,0.74703,0.98043,0.97829,0.99158,0.97277,0.94122,0.15537,0.00137,0.43993,0.81623,0.003169,0.003169,0.003169
209,2267.39,0.92767,0.24734,0.01753,0.44976,0.84943,0.97645,0.97924,0.98903,0.74899,0.97529,0.97699,0.98829,0.97244,0.92454,0.15053,0.00136,0.43566,0.81538,0.003136,0.003136,0.003136
210,2276.75,0.92679,0.25583,0.01689,0.452,0.85021,0.97293,0.98224,0.98901,0.75144,0.97172,0.98099,0.9902,0.97298,0.90614,0.14936,0.00136,0.43605,0.81483,0.003103,0.003103,0.003103
211,2288.24,0.92688,0.25543,0.01632,0.44965,0.85221,0.97396,0.98112,0.9898,0.74714,0.97273,0.97987,0.98954,0.97218,0.9377,0.15363,0.00135,0.46307,0.81816,0.00307,0.00307,0.00307
212,2298.01,0.92056,0.25558,0.01696,0.44725,0.8504,0.97435,0.97781,0.98768,0.7447,0.97511,0.97722,0.98871,0.9684,0.92779,0.1554,0.00134,0.45988,0.81901,0.003037,0.003037,0.003037
213,2305.08,0.92254,0.25485,0.0172,0.44771,0.85117,0.97554,0.97433,0.98711,0.74918,0.97523,0.97452,0.98849,0.97055,0.91836,0.15351,0.00133,0.46696,0.8165,0.003004,0.003004,0.003004
214,2317.17,0.91776,0.24403,0.01662,0.4419,0.8483,0.96093,0.96541,0.98147,0.74064,0.95973,0.96416,0.98122,0.96311,0.91335,0.15178,0.0013,0.45521,0.81599,0.002971,0.002971,0.002971
215,2326,0.93281,0.26076,0.0156,0.44596,0.85073,0.97151,0.97275,0.98618,0.74223,0.96904,0.97024,0.98456,0.96652,0.92724,0.15217,0.00117,0.4353,0.81708,0.002938,0.002938,0.002938
216,2337.09,0.91588,0.23926,0.01696,0.44078,0.84834,0.9724,0.97716,0.9848,0.74401,0.97073,0.9756,0.98427,0.96582,0.92276,0.15349,0.0012,0.43005,0.81665,0.002905,0.002905,0.002905
217,2347.97,0.92021,0.24628,0.01549,0.44175,0.84591,0.97549,0.96866,0.98522,0.73746,0.9746,0.96786,0.98604,0.96595,0.92983,0.15763,0.00139,0.46235,0.81778,0.002872,0.002872,0.002872
218,2360.2,0.91485,0.2473,0.01618,0.44023,0.84557,0.97183,0.97808,0.98731,0.74694,0.97141,0.97766,0.98883,0.97128,0.90466,0.15347,0.00124,0.46011,0.81718,0.002839,0.002839,0.002839
219,2370.22,0.915,0.22965,0.01567,0.4384,0.84685,0.97719,0.97441,0.98721,0.74914,0.97596,0.97316,0.9882,0.97192,0.91426,0.15196,0.00125,0.46616,0.81556,0.002806,0.002806,0.002806
220,2382.65,0.92045,0.24685,0.01593,0.44225,0.84811,0.97485,0.97724,0.98776,0.74298,0.97367,0.97508,0.98871,0.97211,0.94962,0.15809,0.00122,0.49102,0.81828,0.002773,0.002773,0.002773
221,2390.35,0.91463,0.25356,0.01625,0.44558,0.85198,0.97178,0.97639,0.98802,0.74514,0.9756,0.97165,0.99009,0.97108,0.92471,0.15167,0.00116,0.47134,0.81694,0.00274,0.00274,0.00274
222,2396.77,0.90963,0.24028,0.01576,0.43864,0.84738,0.97227,0.97773,0.98797,0.74933,0.97148,0.97689,0.989,0.96972,0.90448,0.15071,0.0011,0.45479,0.81556,0.002707,0.002707,0.002707
223,2408.74,0.92005,0.24853,0.01754,0.44118,0.84971,0.97511,0.97934,0.98906,0.74723,0.97891,0.97225,0.98895,0.97083,0.90823,0.1492,0.00107,0.42905,0.81493,0.002674,0.002674,0.002674
224,2418.72,0.9168,0.25325,0.01614,0.44046,0.84917,0.97379,0.97671,0.98779,0.74502,0.97261,0.97546,0.98845,0.97041,0.91858,0.15435,0.00108,0.45106,0.81565,0.002641,0.002641,0.002641
225,2429.68,0.91431,0.24539,0.01446,0.43649,0.84764,0.97481,0.96914,0.98626,0.74693,0.9729,0.96682,0.98587,0.96867,0.92904,0.15648,0.00111,0.46353,0.81688,0.002608,0.002608,0.002608
226,2439.25,0.90203,0.2417,0.01612,0.43458,0.84639,0.96331,0.9738,0.98612,0.74108,0.96209,0.97195,0.98547,0.96695,0.961,0.1649,0.0011,0.49219,0.81996,0.002575,0.002575,0.002575
227,2450.39,0.9144,0.24526,0.01647,0.43929,0.85017,0.96733,0.97437,0.98724,0.74366,0.96636,0.97257,0.98568,0.96792,0.95196,0.15706,0.00102,0.46941,0.81917,0.002542,0.002542,0.002542
228,2462.72,0.90178,0.24216,0.01587,0.43357,0.84775,0.96245,0.97049,0.98611,0.74732,0.96254,0.96878,0.98443,0.96888,0.93816,0.15558,0.00103,0.4656,0.81825,0.002509,0.002509,0.002509
229,2472.52,0.90857,0.23418,0.01625,0.431,0.85014,0.97305,0.9747,0.98715,0.74951,0.96984,0.9763,0.98642,0.97003,0.91491,0.15199,0.0011,0.42776,0.81665,0.002476,0.002476,0.002476
230,2484.57,0.90806,0.23893,0.01693,0.43192,0.84957,0.9705,0.97906,0.98809,0.74527,0.96929,0.97781,0.98784,0.97144,0.928,0.15282,0.00102,0.44384,0.81697,0.002443,0.002443,0.002443
231,2493.15,0.90287,0.24264,0.01444,0.435,0.84679,0.97603,0.97681,0.98846,0.74374,0.97492,0.97521,0.98805,0.96969,0.93782,0.15658,0.00114,0.44127,0.81891,0.00241,0.00241,0.00241
232,2505.05,0.91105,0.25218,0.0169,0.43783,0.84818,0.98061,0.97952,0.98885,0.74378,0.98016,0.97849,0.98886,0.96942,0.93087,0.15231,0.00106,0.43647,0.81778,0.002377,0.002377,0.002377
233,2515.2,0.90992,0.23394,0.01521,0.43399,0.84576,0.98162,0.97727,0.98932,0.74996,0.98085,0.97643,0.98995,0.97208,0.92453,0.15135,0.00096,0.44963,0.81651,0.002344,0.002344,0.002344
234,2525.92,0.89431,0.22685,0.01576,0.42751,0.84493,0.98101,0.97762,0.98877,0.75047,0.97868,0.97622,0.98735,0.97064,0.91993,0.15453,0.00102,0.45976,0.81738,0.002311,0.002311,0.002311
235,2535.27,0.91197,0.23937,0.01666,0.43584,0.84749,0.9716,0.98211,0.98743,0.74439,0.97074,0.98131,0.9883,0.96801,0.90603,0.15579,0.00098,0.45277,0.817,0.002278,0.002278,0.002278
236,2544.9,0.9029,0.23143,0.01506,0.42965,0.84771,0.98189,0.97823,0.98849,0.75128,0.98026,0.97656,0.9883,0.96921,0.9075,0.1534,0.00093,0.4489,0.81628,0.002245,0.002245,0.002245
237,2555.05,0.90563,0.24043,0.01712,0.43024,0.84607,0.98009,0.97577,0.98792,0.74949,0.97931,0.97493,0.98897,0.97232,0.91119,0.15153,0.00097,0.44191,0.81574,0.002212,0.002212,0.002212
238,2565.02,0.90149,0.24259,0.01782,0.43296,0.84562,0.97945,0.97788,0.98958,0.74936,0.97738,0.97579,0.98832,0.97255,0.92606,0.15166,0.00097,0.43373,0.81566,0.002179,0.002179,0.002179
239,2575.68,0.90824,0.25214,0.01627,0.43355,0.84554,0.9777,0.98079,0.98814,0.74524,0.97514,0.97895,0.98761,0.96925,0.94241,0.15818,0.00091,0.42936,0.81762,0.002146,0.002146,0.002146
240,2585.8,0.9009,0.24532,0.01465,0.43129,0.84468,0.97592,0.97761,0.98849,0.74304,0.97344,0.97511,0.9868,0.96879,0.93414,0.15695,0.00088,0.42163,0.81661,0.002113,0.002113,0.002113
241,2598.98,0.90155,0.24437,0.01573,0.42983,0.8474,0.96781,0.97985,0.98652,0.74806,0.96576,0.97776,0.98581,0.96879,0.93584,0.15476,0.00088,0.42227,0.81668,0.00208,0.00208,0.00208
242,2608.88,0.89868,0.23416,0.01518,0.42794,0.84437,0.97333,0.96905,0.98696,0.74971,0.97258,0.96723,0.98669,0.96937,0.91575,0.14968,0.00088,0.43083,0.81639,0.002047,0.002047,0.002047
243,2618.19,0.8982,0.23137,0.0157,0.42841,0.84339,0.97249,0.97153,0.98586,0.74555,0.97099,0.97068,0.98417,0.96822,0.9268,0.15079,0.00089,0.44325,0.81779,0.002014,0.002014,0.002014
244,2626.73,0.88272,0.22859,0.01617,0.42151,0.84529,0.96984,0.96675,0.98482,0.74744,0.96775,0.96463,0.98293,0.96717,0.9143,0.15034,0.00084,0.43555,0.81621,0.001981,0.001981,0.001981
245,2637.78,0.88893,0.22325,0.01412,0.42648,0.84803,0.97988,0.97559,0.99073,0.75133,0.97826,0.97396,0.9896,0.97399,0.9246,0.14998,0.00085,0.44494,0.81528,0.001948,0.001948,0.001948
246,2649.16,0.89394,0.23435,0.01685,0.42218,0.84646,0.97811,0.9735,0.98948,0.75203,0.97605,0.97141,0.98951,0.97299,0.91471,0.14977,0.00081,0.45441,0.8159,0.001915,0.001915,0.001915
247,2663.45,0.8982,0.24202,0.01573,0.42446,0.84284,0.97344,0.97385,0.98828,0.75073,0.97223,0.97259,0.98897,0.97157,0.92061,0.15199,0.00087,0.45555,0.81579,0.001882,0.001882,0.001882
248,2673.71,0.88933,0.22181,0.01463,0.42226,0.8409,0.97284,0.96516,0.98709,0.74837,0.97175,0.96385,0.9878,0.9697,0.91193,0.15139,0.00078,0.4601,0.81502,0.001849,0.001849,0.001849
249,2683.99,0.88825,0.22327,0.01651,0.41968,0.84396,0.97486,0.97108,0.98837,0.75025,0.97197,0.9716,0.98902,0.9706,0.9111,0.15395,0.00078,0.4798,0.81421,0.001816,0.001816,0.001816
250,2691.83,0.89818,0.22712,0.01549,0.42797,0.85088,0.97312,0.97312,0.98846,0.7534,0.97277,0.97094,0.98923,0.97163,0.90943,0.15164,0.00087,0.46713,0.8144,0.001783,0.001783,0.001783
251,2703.94,0.90084,0.24853,0.01531,0.42817,0.85086,0.9737,0.97704,0.98791,0.74974,0.97297,0.97431,0.98865,0.97137,0.92227,0.15346,0.00085,0.46247,0.8153,0.00175,0.00175,0.00175
252,2713.57,0.87733,0.21953,0.01651,0.41669,0.84213,0.97299,0.97773,0.98842,0.74898,0.97092,0.97564,0.98771,0.97011,0.92957,0.15118,0.00083,0.45742,0.81513,0.001717,0.001717,0.001717
253,2724.91,0.88529,0.23446,0.0154,0.41779,0.84065,0.9768,0.97663,0.98895,0.75106,0.97527,0.97539,0.98889,0.97167,0.92197,0.14925,0.00077,0.45698,0.81471,0.001684,0.001684,0.001684
254,2735.01,0.88072,0.22425,0.01617,0.41702,0.83981,0.97258,0.97321,0.98782,0.75057,0.97123,0.97205,0.98763,0.97163,0.91867,0.14952,0.00077,0.44871,0.81601,0.001651,0.001651,0.001651
255,2744.54,0.87588,0.22462,0.01581,0.41403,0.83914,0.97849,0.97316,0.98924,0.74961,0.97706,0.97185,0.98995,0.97257,0.92655,0.15256,0.00076,0.44905,0.81595,0.001618,0.001618,0.001618
256,2757.14,0.88302,0.23054,0.01449,0.41705,0.84079,0.97757,0.97461,0.98755,0.75043,0.97628,0.97377,0.98739,0.97076,0.91545,0.1514,0.00077,0.46205,0.81506,0.001585,0.001585,0.001585
257,2769.88,0.89564,0.23137,0.01554,0.4237,0.84547,0.97648,0.97779,0.98748,0.74978,0.97486,0.97612,0.98736,0.97083,0.92609,0.1519,0.00074,0.45262,0.81605,0.001552,0.001552,0.001552
258,2779.29,0.88108,0.22205,0.01634,0.41609,0.8446,0.97623,0.97304,0.98864,0.75053,0.97502,0.97178,0.98895,0.97067,0.92307,0.15103,0.00077,0.43877,0.81628,0.001519,0.001519,0.001519
259,2787.23,0.88102,0.22644,0.01557,0.41552,0.84146,0.97876,0.96783,0.98858,0.75205,0.97809,0.96765,0.98909,0.97189,0.91856,0.14774,0.00075,0.44936,0.81495,0.001486,0.001486,0.001486
260,2798.69,0.88302,0.22716,0.01484,0.41478,0.83963,0.974,0.98191,0.98894,0.75128,0.97279,0.98066,0.98897,0.97131,0.91697,0.14773,0.00076,0.44587,0.81511,0.001453,0.001453,0.001453
261,2811.08,0.8862,0.22856,0.01575,0.41718,0.83898,0.97411,0.9778,0.98798,0.7519,0.97305,0.97745,0.98845,0.97091,0.91175,0.14771,0.00075,0.4493,0.81468,0.00142,0.00142,0.00142
262,2822.75,0.88443,0.23134,0.01471,0.41763,0.84263,0.97444,0.97782,0.98859,0.75505,0.97286,0.97685,0.98872,0.97183,0.91795,0.14923,0.00069,0.45888,0.81589,0.001387,0.001387,0.001387
263,2834.53,0.88092,0.23471,0.01504,0.416,0.84105,0.97851,0.97841,0.98917,0.75532,0.97667,0.97702,0.98918,0.97316,0.92287,0.14895,0.0007,0.4645,0.81623,0.001354,0.001354,0.001354
264,2844.26,0.88627,0.22186,0.01412,0.4179,0.84258,0.97428,0.97795,0.98944,0.75405,0.96964,0.97925,0.98923,0.97245,0.91014,0.14718,0.00066,0.45915,0.81515,0.001321,0.001321,0.001321
265,2855.7,0.88764,0.22504,0.01537,0.41756,0.84197,0.97495,0.98201,0.98972,0.75055,0.97335,0.98034,0.9892,0.97127,0.90873,0.14661,0.0007,0.45008,0.81511,0.001288,0.001288,0.001288
266,2867.41,0.87537,0.21562,0.01495,0.41304,0.84148,0.97742,0.97953,0.98894,0.75082,0.97536,0.97744,0.98826,0.97113,0.91436,0.15131,0.00068,0.45139,0.81608,0.001255,0.001255,0.001255
267,2876.02,0.87957,0.2212,0.0155,0.41252,0.84173,0.97051,0.98009,0.98907,0.75011,0.96885,0.97935,0.98934,0.97119,0.91068,0.14738,0.00065,0.44499,0.81577,0.001222,0.001222,0.001222
268,2884.1,0.88029,0.21569,0.0159,0.41181,0.84175,0.96996,0.97505,0.98607,0.74785,0.96794,0.97495,0.98775,0.9696,0.91012,0.14698,0.00066,0.46043,0.81542,0.001189,0.001189,0.001189
269,2895.22,0.87543,0.22677,0.01489,0.41218,0.84116,0.97789,0.96688,0.98707,0.74878,0.97734,0.96603,0.98824,0.97143,0.92612,0.14833,0.00068,0.45334,0.81574,0.001156,0.001156,0.001156
270,2905.61,0.87766,0.23469,0.01629,0.41349,0.8417,0.97132,0.97171,0.98636,0.75139,0.97262,0.96854,0.98785,0.9714,0.91494,0.14541,0.00065,0.45958,0.81494,0.001123,0.001123,0.001123
271,2916.99,0.87631,0.22233,0.01514,0.41554,0.84055,0.97363,0.97317,0.98679,0.75357,0.97253,0.97182,0.98703,0.97042,0.91284,0.14698,0.00065,0.44907,0.81506,0.00109,0.00109,0.00109
272,2929.2,0.8707,0.21851,0.01459,0.40645,0.84002,0.97366,0.97484,0.98784,0.75215,0.97356,0.97495,0.98883,0.97255,0.91641,0.14784,0.00065,0.43694,0.81563,0.001057,0.001057,0.001057
273,2941.42,0.86651,0.21689,0.014,0.40574,0.83861,0.97471,0.97585,0.98794,0.75126,0.97412,0.97558,0.98917,0.97224,0.91703,0.15264,0.00066,0.44877,0.81472,0.001024,0.001024,0.001024
274,2952.93,0.87378,0.22625,0.01617,0.41086,0.84309,0.97116,0.97704,0.98825,0.7534,0.97079,0.97662,0.98884,0.9732,0.9168,0.14752,0.00068,0.43726,0.81581,0.000991,0.000991,0.000991
275,2964.37,0.86945,0.21647,0.01511,0.41035,0.84243,0.97251,0.97467,0.98801,0.75277,0.97172,0.97383,0.98842,0.97331,0.91577,0.14693,0.00064,0.43409,0.81557,0.000958,0.000958,0.000958
276,2972.29,0.87141,0.22553,0.01396,0.40926,0.83929,0.97332,0.97564,0.98765,0.74827,0.97169,0.97545,0.98874,0.97097,0.92824,0.14966,0.00061,0.43388,0.81645,0.000925,0.000925,0.000925
277,2982.21,0.86757,0.21113,0.0146,0.40522,0.84194,0.96933,0.97705,0.98822,0.75193,0.96866,0.97547,0.98883,0.97164,0.92299,0.14722,0.00063,0.4337,0.81642,0.000892,0.000892,0.000892
278,2994.44,0.87332,0.22114,0.01484,0.40825,0.84078,0.9686,0.97682,0.98804,0.75409,0.96765,0.9745,0.98752,0.97064,0.91718,0.14788,0.00062,0.43374,0.81523,0.000859,0.000859,0.000859
279,3003.62,0.87055,0.22225,0.01719,0.40828,0.84293,0.97701,0.97639,0.98777,0.75331,0.97537,0.97472,0.98741,0.97056,0.9173,0.1496,0.00065,0.43626,0.81508,0.000826,0.000826,0.000826
280,3013.15,0.86792,0.21295,0.01485,0.40874,0.84326,0.97794,0.97086,0.98806,0.74873,0.97658,0.96802,0.98751,0.96994,0.92504,0.15044,0.00061,0.44031,0.81552,0.000793,0.000793,0.000793
281,3024.23,0.8795,0.21145,0.01441,0.41049,0.84154,0.97395,0.97642,0.98808,0.74996,0.97217,0.9747,0.98773,0.96968,0.9284,0.15042,0.00059,0.42902,0.8163,0.00076,0.00076,0.00076
282,3037.09,0.86702,0.21428,0.01453,0.40726,0.83905,0.97182,0.97522,0.98626,0.74848,0.97197,0.97417,0.98683,0.96999,0.92604,0.1494,0.00061,0.43792,0.81519,0.000727,0.000727,0.000727
283,3048.85,0.8571,0.21054,0.01462,0.40177,0.84085,0.97081,0.97391,0.98681,0.74923,0.9701,0.97191,0.98697,0.97096,0.92632,0.15122,0.00057,0.44552,0.81501,0.000694,0.000694,0.000694
284,3060.09,0.86563,0.21673,0.01512,0.40515,0.84087,0.97251,0.97136,0.98651,0.75094,0.97128,0.9701,0.98696,0.97073,0.91842,0.1493,0.00057,0.44274,0.81443,0.000661,0.000661,0.000661
285,3068.49,0.85819,0.20442,0.01407,0.4016,0.83794,0.97055,0.97276,0.98772,0.75208,0.96813,0.97099,0.98738,0.97064,0.92118,0.14886,0.00055,0.45749,0.8145,0.000628,0.000628,0.000628
286,3076.01,0.86871,0.21793,0.01592,0.4077,0.83907,0.97439,0.97349,0.987,0.75118,0.97318,0.97224,0.98817,0.97095,0.91928,0.1504,0.00058,0.45229,0.81552,0.000595,0.000595,0.000595
287,3088.27,0.85967,0.21219,0.0143,0.40399,0.83939,0.97804,0.97602,0.98775,0.75256,0.97726,0.97519,0.98903,0.9716,0.91726,0.14838,0.00057,0.44493,0.81495,0.000562,0.000562,0.000562
288,3099.91,0.86809,0.22294,0.01485,0.40796,0.84055,0.97372,0.98163,0.98795,0.75292,0.97208,0.97996,0.9883,0.9712,0.92178,0.14973,0.00054,0.45095,0.81588,0.000529,0.000529,0.000529
289,3109.64,0.85947,0.21125,0.01269,0.40007,0.83595,0.97681,0.97645,0.98807,0.75071,0.97559,0.97519,0.98815,0.97143,0.9217,0.14914,0.00054,0.45031,0.81549,0.000496,0.000496,0.000496
290,3119.76,0.85503,0.2182,0.0146,0.39846,0.83722,0.97477,0.97459,0.98801,0.75365,0.97498,0.97198,0.989,0.97186,0.91801,0.14866,0.00055,0.4489,0.81526,0.000463,0.000463,0.000463
291,3142.33,0.87511,0.18991,0.00229,0.41843,0.85117,0.96725,0.97051,0.98835,0.74235,0.96605,0.96926,0.98767,0.9713,0.93543,0.15383,0.00052,0.44646,0.81808,0.00043,0.00043,0.00043
292,3163.68,0.85446,0.17706,0.00179,0.3987,0.84913,0.97161,0.96818,0.98876,0.73819,0.96962,0.96606,0.98835,0.97012,0.94432,0.15688,0.0005,0.45073,0.81852,0.000397,0.000397,0.000397
293,3177.16,0.83248,0.17211,0.00189,0.38724,0.84446,0.96633,0.97457,0.98831,0.73953,0.96426,0.97248,0.98784,0.9691,0.93085,0.15167,0.00049,0.46161,0.81681,0.000364,0.000364,0.000364
294,3190.57,0.83341,0.17565,0.00179,0.38377,0.84459,0.96876,0.9713,0.98773,0.74386,0.96671,0.96921,0.98773,0.96895,0.9226,0.15196,0.00049,0.47403,0.81611,0.000331,0.000331,0.000331
295,3203.81,0.83082,0.17777,0.00191,0.38477,0.84658,0.97759,0.963,0.98702,0.74451,0.97628,0.96178,0.98719,0.96798,0.91359,0.14965,0.0005,0.471,0.81585,0.000298,0.000298,0.000298
296,3215.73,0.82808,0.16938,0.00188,0.38191,0.84475,0.96887,0.97927,0.98703,0.74488,0.96767,0.97802,0.98767,0.96842,0.9182,0.15295,0.00049,0.47054,0.81574,0.000265,0.000265,0.000265
297,3224.78,0.82759,0.1721,0.00173,0.38185,0.84399,0.97147,0.97827,0.98803,0.74493,0.96942,0.97618,0.98806,0.96923,0.92135,0.15118,0.00049,0.4631,0.81537,0.000232,0.000232,0.000232
298,3230.26,0.82851,0.17008,0.00199,0.38156,0.84308,0.97412,0.97587,0.98822,0.74645,0.97164,0.97336,0.98803,0.96965,0.9274,0.1508,0.00049,0.46716,0.81582,0.000199,0.000199,0.000199
299,3242.83,0.82878,0.17076,0.0016,0.3829,0.84515,0.97891,0.97279,0.98808,0.74658,0.97664,0.97017,0.98787,0.96963,0.92398,0.15187,0.0005,0.47168,0.81619,0.000166,0.000166,0.000166
300,3254.67,0.82897,0.16838,0.00148,0.38319,0.8454,0.97865,0.97197,0.98775,0.74687,0.97699,0.9703,0.9884,0.97017,0.92084,0.1511,0.00049,0.46701,0.81602,0.000133,0.000133,0.000133
